,question,answer
0,What is your name?,['My name is Vanessa Elliott]'
1,What is your name?,['My name is Ada Henderson]'
2,What is your name?,['My name is Daniel Grant]'
3,What is your name?,['My name is Lydia Carroll]'
4,What is your name?,['My name is John Scott]'
5,What is your name?,['My name is Walter Warren]'
6,What is your name?,['My name is Michael Wells]'
7,What is your name?,['My name is Lenny Roberts]'
8,What is your name?,['My name is Joyce Bennett]'
9,What is your name?,['My name is Michael Harper]'
10,What is your name?,['My name is Sam Robinson]'
11,What is your name?,['My name is Dale Scott]'
12,What is your name?,['My name is Daisy Thompson]'
13,What is your name?,['My name is Kate Perkins]'
14,What is your name?,['My name is Oscar Bennett]'
15,What is your name?,['My name is Carina Harper]'
16,What is your name?,['My name is Maddie Brown]'
17,What is your name?,['My name is Ned Wells]'
18,What is your name?,['My name is Vincent Kelley]'
19,What is your name?,['My name is William Grant]'
20,What is your name?,['My name is Ned Roberts]'
21,What is your name?,['My name is Heather Holmes]'
22,What is your name?,['My name is Tess Brown]'
23,What is your name?,['My name is Dominik Hunt]'
24,What is your name?,['My name is Victoria Farrell]'
25,What is your name?,['My name is Tara Thompson]'
26,What is your name?,['My name is James Brooks]'
27,What is your name?,['My name is Savana Johnston]'
28,What is your name?,['My name is Lucia Thompson]'
29,What is your name?,['My name is Adam Baker]'
30,What is your name?,['My name is Oscar Watson]'
31,What is your name?,['My name is Arthur Carter]'
32,What is your name?,['My name is Vivian Evans]'
33,What is your name?,['My name is Alexia Parker]'
34,What is your name?,['My name is Ryan Taylor]'
35,What is your name?,['My name is Victoria Watson]'
36,What is your name?,['My name is Cadie Evans]'
37,What is your name?,['My name is Elian Grant]'
38,What is your name?,['My name is John Phillips]'
39,What is your name?,['My name is Emily Richards]'
40,What is your name?,['My name is Stuart Fowler]'
41,What is your name?,['My name is John Douglas]'
42,What is your name?,['My name is Fiona Casey]'
43,What is your name?,['My name is Walter Russell]'
44,What is your name?,['My name is Spike Morris]'
45,What is your name?,['My name is James Williams]'
46,What is your name?,['My name is Sawyer Harris]'
47,What is your name?,['My name is Sawyer Foster]'
48,What is your name?,['My name is Daryl Thompson]'
49,What is your name?,['My name is Tara Bailey]'
50,What is your name?,['My name is Chelsea Roberts]'
51,What is your name?,['My name is Belinda Mason]'
52,What is your name?,['My name is Charlie Farrell]'
53,What is your name?,['My name is Stella Phillips]'
54,What is your name?,['My name is Cherry Richards]'
55,What is your name?,['My name is Abigail Bennett]'
56,What is your name?,['My name is Harold Higgins]'
57,What is your name?,['My name is Stuart Murray]'
58,What is your name?,['My name is Florrie Farrell]'
59,What is your name?,['My name is Grace Baker]'
60,What is your name?,['My name is Rebecca Lloyd]'
61,What is your name?,['My name is Kevin Davis]'
62,What is your name?,['My name is Arthur Reed]'
63,What is your name?,['My name is Kellan Turner]'
64,What is your name?,['My name is Jacob Ryan]'
65,What is your name?,['My name is Alina Thomas]'
66,What is your name?,['My name is Marcus Evans]'
67,What is your name?,['My name is Brad Riley]'
68,What is your name?,['My name is James Sullivan]'
69,What is your name?,['My name is Camila Allen]'
70,What is your name?,['My name is Eleanor Richards]'
71,What is your name?,['My name is Maddie Myers]'
72,What is your name?,['My name is Tyler Cole]'
73,What is your name?,['My name is Amber Grant]'
74,What is your name?,['My name is Charlie Andrews]'
75,What is your name?,['My name is Myra Fowler]'
76,What is your name?,['My name is Roman Mitchell]'
77,What is your name?,['My name is Owen Douglas]'
78,What is your name?,['My name is Richard Parker]'
79,What is your name?,['My name is Edwin Myers]'
80,What is your name?,['My name is Alen Henderson]'
81,What is your name?,['My name is Belinda Chapman]'
82,What is your name?,['My name is Preston Evans]'
83,What is your name?,['My name is Antony Bailey]'
84,What is your name?,['My name is Max Nelson]'
85,What is your name?,['My name is Patrick Clark]'
86,What is your name?,['My name is Savana Ellis]'
87,What is your name?,['My name is Lucia Johnston]'
88,What is your name?,['My name is Sydney Johnston]'
89,What is your name?,['My name is Lily Ferguson]'
90,What is your name?,['Annabella Cameron']
91,What is your name?,['James Elliott']
92,What is your name?,['Rubie Cameron']
93,What is your name?,['Melissa Hawkins']
94,What is your name?,['Brianna Craig']
95,What is your name?,['Dale Phillips']
96,What is your name?,['Vincent Tucker']
97,What is your name?,['William Roberts']
98,What is your name?,['Garry Kelly']
99,What is your name?,['Daryl Perkins']
100,What is your name?,['Our name is Ned Sullivan and James Sullivan']
101,What is your name?,['Our name is Elian Bailey and Tara Bailey']
102,What is your name?,['Our name is Vincent Thompson and Lucia Thompson']
103,What is your name?,['Our name is Savana Wells and Michael Wells']
104,What is your name?,['Our name is John Thompson and Tara Thompson']
105,What is your name?,['Our name is Elian Davis and Kevin Davis']
106,What is your name?,['Our name is Michael Richards and Cherry Richards']
107,What is your name?,['Our name is Belinda Hawkins and Melissa Hawkins']
108,What is your name?,['Our name is Alexia Henderson and Ada Henderson']
109,What is your name?,['Our name is Patrick Baker and Adam Baker']
110,What is your name?,['Our name is Stella Scott and Dale Scott']
111,What is your name?,['Our name is Elian Wells and Michael Wells']
112,What is your name?,['Our name is Fiona Farrell and Charlie Farrell']
113,What is your name?,['Our name is John Foster and Sawyer Foster']
114,What is your name?,['Our name is Cherry Craig and Brianna Craig']
115,What is your name?,['Our name is Fiona Scott and John Scott']
116,What is your name?,['Our name is Rebecca Thompson and Daisy Thompson']
117,What is your name?,['Our name is Spike Turner and Kellan Turner']
118,What is your name?,['Our name is Savana Williams and James Williams']
119,What is your name?,['Our name is Garry Henderson and Alen Henderson']
120,What is your name?,['Our name is Elian Phillips and Dale Phillips']
121,What is your name?,['Our name is Cherry Scott and John Scott']
122,What is your name?,['Our name is Emily Richards and Eleanor Richards']
123,What is your name?,['Our name is Kevin Mitchell and Roman Mitchell']
124,What is your name?,['Our name is Kevin Watson and Victoria Watson']
125,What is your name?,['Our name is Chelsea Casey and Fiona Casey']
126,What is your name?,['Our name is James Robinson and Sam Robinson']
127,What is your name?,['Our name is Tess Evans and Vivian Evans']
128,What is your name?,['Our name is Victoria Grant and Daniel Grant']
129,What is your name?,['Our name is Vivian Roberts and Ned Roberts']
130,What is your name?,['Our name is Sam Myers and Maddie Myers']
131,What is your name?,['Our name is Preston Fowler and Stuart Fowler']
132,What is your name?,['Our name is Melissa Carroll and Lydia Carroll']
133,What is your name?,['Our name is Cadie Farrell and Charlie Farrell']
134,What is your name?,['Our name is Lenny Douglas and Owen Douglas']
135,What is your name?,['Our name is Arthur Williams and James Williams']
136,What is your name?,['Our name is William Allen and Camila Allen']
137,What is your name?,['Our name is Arthur Richards and Eleanor Richards']
138,What is your name?,['Our name is Victoria Grant and Amber Grant']
139,What is your name?,['Our name is Alina Johnston and Lucia Johnston']
140,What is your name?,['Our name is Sawyer Robinson and Sam Robinson']
141,What is your name?,['Our name is Dale Thompson and Tara Thompson']
142,What is your name?,['Our name is Ned Riley and Brad Riley']
143,What is your name?,['Our name is Vincent Thompson and Lucia Thompson']
144,What is your name?,['Our name is Tyler Cole and Tyler Cole']
145,What is your name?,['Our name is William Carter and Arthur Carter']
146,What is your name?,['Our name is Kate Hunt and Dominik Hunt']
147,What is your name?,['Our name is Adam Turner and Kellan Turner']
148,What is your name?,['Our name is Walter Sullivan and James Sullivan']
149,What is your name?,['Our name is Sawyer Turner and Kellan Turner']
150,What is your name?,['Our name is Kevin Allen and Camila Allen']
151,What is your name?,['Our name is Belinda Kelley and Vincent Kelley']
152,What is your name?,['Our name is Patrick Andrews and Charlie Andrews']
153,What is your name?,['Our name is Roman Wells and Michael Wells']
154,What is your name?,['Our name is Tara Wells and Ned Wells']
155,What is your name?,['Our name is Daisy Thompson and Daisy Thompson']
156,What is your name?,['Our name is Sydney Grant and Daniel Grant']
157,What is your name?,['Our name is Alexia Allen and Camila Allen']
158,What is your name?,['Our name is Melissa Henderson and Alen Henderson']
159,What is your name?,['Our name is Abigail Richards and Emily Richards']
160,What is your name?,['Our name is James Scott and John Scott']
161,What is your name?,['Our name is Carina Thompson and Daryl Thompson']
162,What is your name?,['Our name is Edwin Andrews and Charlie Andrews']
163,What is your name?,['Our name is Elian Fowler and Myra Fowler']
164,What is your name?,['Our name is Amber Mitchell and Roman Mitchell']
165,What is your name?,['Our name is Ned Nelson and Max Nelson']
166,What is your name?,['Our name is Ned Warren and Walter Warren']
167,What is your name?,['Our name is Oscar Parker and Alexia Parker']
168,What is your name?,['Our name is Kevin Roberts and Lenny Roberts']
169,What is your name?,['Our name is Harold Thompson and Daryl Thompson']
170,What is your name?,['Our name is Melissa Farrell and Florrie Farrell']
171,What is your name?,['Our name is Preston Carter and Arthur Carter']
172,What is your name?,['Our name is Amber Farrell and Florrie Farrell']
173,What is your name?,['Our name is Camila Mason and Belinda Mason']
174,What is your name?,['Our name is Arthur Casey and Fiona Casey']
175,What is your name?,['Our name is Melissa Phillips and John Phillips']
176,What is your name?,['Our name is Tara Warren and Walter Warren']
177,What is your name?,['Our name is Arthur Mitchell and Roman Mitchell']
178,What is your name?,['Our name is Charlie Carroll and Lydia Carroll']
179,What is your name?,['Our name is Abigail Evans and Preston Evans']
180,What is your name?,['Our name is Rubie Mitchell and Roman Mitchell']
181,What is your name?,['Our name is James Douglas and Owen Douglas']
182,What is your name?,['Our name is John Phillips and Dale Phillips']
183,What is your name?,['Our name is Maddie Henderson and Alen Henderson']
184,What is your name?,['Our name is Daisy Thompson and Daryl Thompson']
185,What is your name?,['Our name is Dale Roberts and William Roberts']
186,What is your name?,['Our name is Vincent Harris and Sawyer Harris']
187,What is your name?,['Our name is Brianna Bailey and Tara Bailey']
188,What is your name?,['Our name is Victoria Davis and Kevin Davis']
189,What is your name?,['Our name is Florrie Bennett and Oscar Bennett']
190,What is your name?,['Our name is Rebecca Ferguson and Lily Ferguson']
191,What is your name?,['Our name is Michael Thompson and Tara Thompson']
192,What is your name?,['Our name is John Higgins and Harold Higgins']
193,What is your name?,['Our name is Maddie Elliott and James Elliott']
194,What is your name?,['Our name is Preston Foster and Sawyer Foster']
195,What is your name?,['Our name is James Sullivan and James Sullivan']
196,What is your name?,['Our name is Kate Reed and Arthur Reed']
197,What is your name?,['Our name is Rebecca Bailey and Antony Bailey']
198,What is your name?,['Our name is Cadie Hawkins and Melissa Hawkins']
199,What is your name?,['Our name is Walter Roberts and Lenny Roberts']
200,What is her name?,['Her name is Vanessa Elliott']
201,What is her name?,['Her name is Ada Henderson']
202,What is her name?,['Her name is Lydia Carroll']
203,What is her name?,['Her name is Joyce Bennett']
204,What is her name?,['Her name is Daisy Thompson']
205,What is her name?,['Her name is Kate Perkins']
206,What is her name?,['Her name is Carina Harper']
207,What is her name?,['Her name is Maddie Brown']
208,What is her name?,['Her name is Heather Holmes']
209,What is her name?,['Her name is Tess Brown']
210,What is her name?,['Her name is Victoria Farrell']
211,What is her name?,['Her name is Tara Thompson']
212,What is her name?,['Her name is Savana Johnston']
213,What is her name?,['Her name is Lucia Thompson']
214,What is her name?,['Her name is Vivian Evans']
215,What is her name?,['Her name is Alexia Parker']
216,What is her name?,['Her name is Victoria Watson']
217,What is her name?,['Her name is Cadie Evans']
218,What is her name?,['Her name is Emily Richards']
219,What is her name?,['Her name is Fiona Casey']
220,What is her name?,['Her name is Tara Bailey']
221,What is her name?,['Her name is Chelsea Roberts']
222,What is her name?,['Her name is Belinda Mason']
223,What is her name?,['Her name is Stella Phillips']
224,What is her name?,['Her name is Cherry Richards']
225,What is her name?,['Her name is Abigail Bennett']
226,What is her name?,['Her name is Florrie Farrell']
227,What is her name?,['Her name is Grace Baker']
228,What is her name?,['Her name is Rebecca Lloyd']
229,What is her name?,['Her name is Alina Thomas']
230,What is her name?,['Her name is Camila Allen']
231,What is her name?,['Her name is Eleanor Richards']
232,What is her name?,['Her name is Maddie Myers']
233,What is her name?,['Her name is Amber Grant']
234,What is her name?,['Her name is Myra Fowler']
235,What is her name?,['Her name is Belinda Chapman']
236,What is her name?,['Her name is Savana Ellis']
237,What is her name?,['Her name is Lucia Johnston']
238,What is her name?,['Her name is Sydney Johnston']
239,What is her name?,['Her name is Lily Ferguson']
240,What is her name?,['Her name is Annabella Cameron']
241,What is her name?,['Her name is Rubie Cameron']
242,What is her name?,['Her name is Melissa Hawkins']
243,What is her name?,['Her name is Brianna Craig']
244,What is her name?,['His name is Daniel Grant']'
245,What is her name?,['His name is John Scott']'
246,What is her name?,['His name is Walter Warren']'
247,What is her name?,['His name is Michael Wells']'
248,What is her name?,['His name is Lenny Roberts']'
249,What is her name?,['His name is Michael Harper']'
250,What is her name?,['His name is Sam Robinson']'
251,What is her name?,['His name is Dale Scott']'
252,What is her name?,['His name is Oscar Bennett']'
253,What is her name?,['His name is Ned Wells']'
254,What is her name?,['His name is Vincent Kelley']'
255,What is her name?,['His name is William Grant']'
256,What is her name?,['His name is Ned Roberts']'
257,What is her name?,['His name is Dominik Hunt']'
258,What is her name?,['His name is James Brooks']'
259,What is her name?,['His name is Adam Baker']'
260,What is her name?,['His name is Oscar Watson']'
261,What is her name?,['His name is Arthur Carter']'
262,What is her name?,['His name is Ryan Taylor']'
263,What is her name?,['His name is Elian Grant']'
264,What is her name?,['His name is John Phillips']'
265,What is her name?,['His name is Stuart Fowler']'
266,What is her name?,['His name is John Douglas']'
267,What is her name?,['His name is Walter Russell']'
268,What is her name?,['His name is Spike Morris']'
269,What is her name?,['His name is James Williams']'
270,What is her name?,['His name is Sawyer Harris']'
271,What is her name?,['His name is Sawyer Foster']'
272,What is her name?,['His name is Daryl Thompson']'
273,What is her name?,['His name is Charlie Farrell']'
274,What is her name?,['His name is Harold Higgins']'
275,What is her name?,['His name is Stuart Murray']'
276,What is her name?,['His name is Kevin Davis']'
277,What is her name?,['His name is Arthur Reed']'
278,What is her name?,['His name is Kellan Turner']'
279,What is her name?,['His name is Jacob Ryan']'
280,What is her name?,['His name is Marcus Evans']'
281,What is her name?,['His name is Brad Riley']'
282,What is her name?,['His name is James Sullivan']'
283,What is her name?,['His name is Tyler Cole']'
284,What is her name?,['His name is Charlie Andrews']'
285,What is her name?,['His name is Roman Mitchell']'
286,What is her name?,['His name is Owen Douglas']'
287,What is her name?,['His name is Richard Parker']'
288,What is her name?,['His name is Edwin Myers']'
289,What is her name?,['His name is Alen Henderson']'
290,What is her name?,['His name is Preston Evans']'
291,What is her name?,['His name is Antony Bailey']'
292,What is her name?,['His name is Max Nelson']'
293,What is her name?,['His name is Patrick Clark']'
294,What is her name?,['His name is James Elliott']'
295,What is her name?,['His name is Dale Phillips']'
296,What is her name?,['His name is Vincent Tucker']'
297,What is her name?,['His name is William Roberts']'
298,What is her name?,['His name is Garry Kelly']'
299,What is her name?,['His name is Daryl Perkins']'
